name,mana_cost,cmc,type_line,oracle_text,colors,color_identity,rarity,set,set_name,collector_number,power,toughness,loyalty,keywords
Illegitimate Business,,0.0,Land,"This land enters tapped.
When this land enters, you gain 1 life.
{T}: Add {B} or {G}.",,"B,G",common,TMT,Teenage Mutant Ninja Turtles,186,,,,
"Insomnia, Crown City",,0.0,Land — Town,"This land enters tapped.
{T}: Add {W} or {B}.",,"B,W",common,FIN,Final Fantasy,282,,,,
Inspiring Vantage,,0.0,Land,"This land enters tapped unless you control two or fewer other lands.
{T}: Add {R} or {W}.",,"R,W",rare,SLD,Secret Lair Drop,1375,,,,
Inspiring Vantage,,0.0,Land,"This land enters tapped unless you control two or fewer other lands.
{T}: Add {R} or {W}.",,"R,W",rare,PKLD,Kaladesh Promos,246s,,,,
Inspiring Vantage,,0.0,Land,"This land enters tapped unless you control two or fewer other lands.
{T}: Add {R} or {W}.",,"R,W",rare,KLD,Kaladesh,246,,,,
Inspiring Vantage,,0.0,Land,"This land enters tapped unless you control two or fewer other lands.
{T}: Add {R} or {W}.",,"R,W",rare,OTJ,Outlaws of Thunder Junction,303,,,,
Inspiring Vantage,,0.0,Land,"This land enters tapped unless you control two or fewer other lands.
{T}: Add {R} or {W}.",,"R,W",rare,OTJ,Outlaws of Thunder Junction,269,,,,
Inspiring Vantage,,0.0,Land,"This land enters tapped unless you control two or fewer other lands.
{T}: Add {R} or {W}.",,"R,W",rare,SLD,Secret Lair Drop,1605★,,,,
Inspiring Vantage,,0.0,Land,"This land enters tapped unless you control two or fewer other lands.
{T}: Add {R} or {W}.",,"R,W",rare,POTJ,Outlaws of Thunder Junction Promos,269p,,,,
Inspiring Vantage,,0.0,Land,"This land enters tapped unless you control two or fewer other lands.
{T}: Add {R} or {W}.",,"R,W",rare,KLR,Kaladesh Remastered,283,,,,
Inspiring Vantage,,0.0,Land,"This land enters tapped unless you control two or fewer other lands.
{T}: Add {R} or {W}.",,"R,W",rare,POTJ,Outlaws of Thunder Junction Promos,269s,,,,
Inspiring Vantage,,0.0,Land,"This land enters tapped unless you control two or fewer other lands.
{T}: Add {R} or {W}.",,"R,W",rare,SLD,Secret Lair Drop,1605,,,,
Island,,0.0,Basic Land — Island,({T}: Add {U}.),,U,common,ELD,Throne of Eldraine,255,,,,
Island,,0.0,Basic Land — Island,({T}: Add {U}.),,U,common,FBB,Foreign Black Border,297,,,,
Island,,0.0,Basic Land — Island,({T}: Add {U}.),,U,common,CM2,Commander Anthology Volume II,288,,,,
Island,,0.0,Basic Land — Island,({T}: Add {U}.),,U,common,M21,Core Set 2021,264,,,,
Island,,0.0,Basic Land — Island,({T}: Add {U}.),,U,common,PRWK,GRN Ravnica Weekend,A03,,,,
Island,,0.0,Basic Land — Island,({T}: Add {U}.),,U,common,DDQ,Duel Decks: Blessed vs. Cursed,36,,,,
Island,,0.0,Basic Land — Island,({T}: Add {U}.),,U,rare,SLD,Secret Lair Drop,103,,,,
Island,,0.0,Basic Land — Island,({T}: Add {U}.),,U,common,HBG,Alchemy Horizons: Baldur's Gate,293,,,,
Island,,0.0,Basic Land — Island,({T}: Add {U}.),,U,common,PSAL,Salvat 2005,G24,,,,
Island,,0.0,Basic Land — Island,({T}: Add {U}.),,U,common,CMM,Commander Masters,790,,,,
Island,,0.0,Basic Land — Island,({T}: Add {U}.),,U,common,ANA,Arena New Player Experience,25,,,,
Island,,0.0,Basic Land — Island,({T}: Add {U}.),,U,common,PSAL,Salvat 2005,E57,,,,
Island,,0.0,Basic Land — Island,({T}: Add {U}.),,U,common,ORI,Magic Origins,260,,,,
Island,,0.0,Basic Land — Island,({T}: Add {U}.),,U,common,PIP,Fallout,320,,,,
Island,,0.0,Basic Land — Island,({T}: Add {U}.),,U,common,DMR,Dominaria Remastered,405,,,,
Island,,0.0,Basic Land — Island,({T}: Add {U}.),,U,common,PIP,Fallout,848,,,,
Island,,0.0,Basic Land — Island,({T}: Add {U}.),,U,common,M15,Magic 2015,256,,,,
Island,,0.0,Basic Land — Island,({T}: Add {U}.),,U,common,SLD,Secret Lair Drop,548,,,,
Island,,0.0,Basic Land — Island,({T}: Add {U}.),,U,common,PANA,MTG Arena Promos,242,,,,
Island,,0.0,Basic Land — Island,({T}: Add {U}.),,U,common,M21,Core Set 2021,265,,,,
Island,,0.0,Basic Land — Island,({T}: Add {U}.),,U,common,SIR,Shadows over Innistrad Remastered,282,,,,
Island,,0.0,Basic Land — Island,({T}: Add {U}.),,U,common,CMA,Commander Anthology,294,,,,
Island,,0.0,Basic Land — Island,({T}: Add {U}.),,U,common,2ED,Unlimited Edition,292,,,,
Island,,0.0,Basic Land — Island,({T}: Add {U}.),,U,rare,PSS3,M19 Standard Showdown,2,,,,
Island,,0.0,Basic Land — Island,({T}: Add {U}.),,U,common,PALP,Asia Pacific Land Program,2,,,,
Island,,0.0,Basic Land — Island,({T}: Add {U}.),,U,common,HOU,Hour of Devastation,193,,,,
Island,,0.0,Basic Land — Island,({T}: Add {U}.),,U,common,KLD,Kaladesh,254,,,,
Island,,0.0,Basic Land — Island,({T}: Add {U}.),,U,common,5ED,Fifth Edition,436,,,,
Island,,0.0,Basic Land — Island,({T}: Add {U}.),,U,common,GK2,RNA Guild Kit,132,,,,
Island,,0.0,Basic Land — Island,({T}: Add {U}.),,U,common,HOU,Hour of Devastation,192,,,,
Island,,0.0,Basic Land — Island,({T}: Add {U}.),,U,common,ONE,Phyrexia: All Will Be One,366,,,,
Island,,0.0,Basic Land — Island,({T}: Add {U}.),,U,common,KTK,Khans of Tarkir,255,,,,
Island,,0.0,Basic Land — Island,({T}: Add {U}.),,U,common,S99,Starter 1999,160,,,,
Island,,0.0,Basic Land — Island,({T}: Add {U}.),,U,common,SUM,Summer Magic / Edgar,296,,,,
Island,,0.0,Basic Land — Island,({T}: Add {U}.),,U,common,IKO,Ikoria: Lair of Behemoths,264,,,,
Island,,0.0,Basic Land — Island,({T}: Add {U}.),,U,common,DDF,Duel Decks: Elspeth vs. Tezzeret,76,,,,
Island,,0.0,Basic Land — Island,({T}: Add {U}.),,U,common,DDJ,Duel Decks: Izzet vs. Golgari,39,,,,
Island,,0.0,Basic Land — Island,({T}: Add {U}.),,U,common,GNT,Game Night,61,,,,
Island,,0.0,Basic Land — Island,({T}: Add {U}.),,U,common,KLR,Kaladesh Remastered,290,,,,
Island,,0.0,Basic Land — Island,({T}: Add {U}.),,U,common,UNH,Unhinged,137,,,,
Island,,0.0,Basic Land — Island,({T}: Add {U}.),,U,common,DDM,Duel Decks: Jace vs. Vraska,39,,,,
Island,,0.0,Basic Land — Island,({T}: Add {U}.),,U,common,DOM,Dominaria,254,,,,
Island,,0.0,Basic Land — Island,({T}: Add {U}.),,U,rare,P23,Judge Gift Cards 2023,7,,,,
Island,,0.0,Basic Land — Island,({T}: Add {U}.),,U,common,C14,Commander 2014,322,,,,
Island,,0.0,Basic Land — Island,({T}: Add {U}.),,U,common,PSAL,Salvat 2005,E21,,,,
Island,,0.0,Basic Land — Island,({T}: Add {U}.),,U,common,30A,30th Anniversary Edition,287,,,,
Island,,0.0,Basic Land — Island,({T}: Add {U}.),,U,rare,SLD,Secret Lair Drop,47,,,,
Island,,0.0,Basic Land — Island,({T}: Add {U}.),,U,common,PANA,MTG Arena Promos,212,,,,
Island,,0.0,Basic Land — Island,({T}: Add {U}.),,U,common,J25,Foundations Jumpstart,86,,,,
Island,,0.0,Basic Land — Island,({T}: Add {U}.),,U,common,DDJ,Duel Decks: Izzet vs. Golgari,38,,,,
Island,,0.0,Basic Land — Island,({T}: Add {U}.),,U,common,NEO,Kamigawa: Neon Dynasty,285,,,,
Island,,0.0,Basic Land — Island,({T}: Add {U}.),,U,common,BLB,Bloomburrow,372,,,,
Island,,0.0,Basic Land — Island,({T}: Add {U}.),,U,common,UST,Unstable,213,,,,
Island,,0.0,Basic Land — Island,({T}: Add {U}.),,U,common,BLB,Bloomburrow,266,,,,
Island,,0.0,Basic Land — Island,({T}: Add {U}.),,U,common,SCD,Starter Commander Decks,339,,,,
Island,,0.0,Basic Land — Island,({T}: Add {U}.),,U,common,DDF,Duel Decks: Elspeth vs. Tezzeret,78,,,,
Island,,0.0,Basic Land — Island,({T}: Add {U}.),,U,common,WC02,World Championship Decks 2002,rl338,,,,
Island,,0.0,Basic Land — Island,({T}: Add {U}.),,U,common,30A,30th Anniversary Edition,585,,,,
Island,,0.0,Basic Land — Island,({T}: Add {U}.),,U,rare,SLD,Secret Lair Drop,2144,,,,
Island,,0.0,Basic Land — Island,({T}: Add {U}.),,U,common,SOI,Shadows over Innistrad,288,,,,
Island,,0.0,Basic Land — Island,({T}: Add {U}.),,U,common,WHO,Doctor Who,199,,,,
Island,,0.0,Basic Land — Island,({T}: Add {U}.),,U,common,MRD,Mirrodin,292,,,,
Island,,0.0,Basic Land — Island,({T}: Add {U}.),,U,common,ECL,Lorwyn Eclipsed,275,,,,
Island,,0.0,Basic Land — Island,({T}: Add {U}.),,U,common,PMPS,Magic Premiere Shop 2005,291,,,,
Island,,0.0,Basic Land — Island,({T}: Add {U}.),,U,common,ORI,Magic Origins,258,,,,
Island,,0.0,Basic Land — Island,({T}: Add {U}.),,U,common,PALP,Asia Pacific Land Program,7,,,,
Island,,0.0,Basic Land — Island,({T}: Add {U}.),,U,common,SIR,Shadows over Innistrad Remastered,281,,,,
Island,,0.0,Basic Land — Island,({T}: Add {U}.),,U,common,SPM,Marvel's Spider-Man,195,,,,
Island,,0.0,Basic Land — Island,({T}: Add {U}.),,U,common,UNF,Unfinity,241,,,,
Island,,0.0,Basic Land — Island,({T}: Add {U}.),,U,common,9ED,Ninth Edition,338★,,,,
Island,,0.0,Basic Land — Island,({T}: Add {U}.),,U,common,ROE,Rise of the Eldrazi,234,,,,
Island,,0.0,Basic Land — Island,({T}: Add {U}.),,U,common,TDM,Tarkir: Dragonstorm,280,,,,
Island,,0.0,Basic Land — Island,({T}: Add {U}.),,U,common,PMPS11,Magic Premiere Shop 2011,2,,,,
Island,,0.0,Basic Land — Island,({T}: Add {U}.),,U,common,M10,Magic 2010,234,,,,
Island,,0.0,Basic Land — Island,({T}: Add {U}.),,U,common,PRWK,GRN Ravnica Weekend,A01,,,,
Island,,0.0,Basic Land — Island,({T}: Add {U}.),,U,common,PMPS,Magic Premiere Shop 2005,292,,,,
Island,,0.0,Basic Land — Island,({T}: Add {U}.),,U,common,FDN,Foundations,274,,,,
Island,,0.0,Basic Land — Island,({T}: Add {U}.),,U,common,WC01,World Championship Decks 2001,ar336,,,,
Island,,0.0,Basic Land — Island,({T}: Add {U}.),,U,common,CED,Collectors' Edition,291,,,,
Island,,0.0,Basic Land — Island,({T}: Add {U}.),,U,common,ONS,Onslaught,338,,,,
Island,,0.0,Basic Land — Island,({T}: Add {U}.),,U,common,SHM,Shadowmoor,288,,,,
Island,,0.0,Basic Land — Island,({T}: Add {U}.),,U,common,KLD,Kaladesh,255,,,,
Island,,0.0,Basic Land — Island,({T}: Add {U}.),,U,common,RNA,Ravnica Allegiance,261,,,,
Island,,0.0,Basic Land — Island,({T}: Add {U}.),,U,common,PCA,Planechase Anthology,140,,,,
Island,,0.0,Basic Land — Island,({T}: Add {U}.),,U,common,RQS,Rivals Quick Start Set,55,,,,
Island,,0.0,Basic Land — Island,({T}: Add {U}.),,U,common,KHM,Kaldheim,395,,,,
Island,,0.0,Basic Land — Island,({T}: Add {U}.),,U,common,WOE,Wilds of Eldraine,270,,,,
Island,,0.0,Basic Land — Island,({T}: Add {U}.),,U,common,AFR,Adventures in the Forgotten Realms,269,,,,
Island,,0.0,Basic Land — Island,({T}: Add {U}.),,U,common,ITP,Introductory Two-Player Set,58,,,,
Island,,0.0,Basic Land — Island,({T}: Add {U}.),,U,common,WC01,World Championship Decks 2001,ab335a,,,,
Island,,0.0,Basic Land — Island,({T}: Add {U}.),,U,common,ZNR,Zendikar Rising,271,,,,
Island,,0.0,Basic Land — Island,({T}: Add {U}.),,U,common,ARC,Archenemy,140,,,,
Island,,0.0,Basic Land — Island,({T}: Add {U}.),,U,common,M15,Magic 2015,254,,,,
Island,,0.0,Basic Land — Island,({T}: Add {U}.),,U,common,MH3,Modern Horizons 3,305,,,,
Island,,0.0,Basic Land — Island,({T}: Add {U}.),,U,common,PSAL,Salvat 2005,H33,,,,
Island,,0.0,Basic Land — Island,({T}: Add {U}.),,U,common,UNF,Unfinity,236,,,,
Island,,0.0,Basic Land — Island,({T}: Add {U}.),,U,rare,SLD,Secret Lair Drop,102,,,,
Island,,0.0,Basic Land — Island,({T}: Add {U}.),,U,common,RAV,Ravnica: City of Guilds,292,,,,
Island,,0.0,Basic Land — Island,({T}: Add {U}.),,U,common,J25,Foundations Jumpstart,84,,,,
Island,,0.0,Basic Land — Island,({T}: Add {U}.),,U,common,ONS,Onslaught,337,,,,
Island,,0.0,Basic Land — Island,({T}: Add {U}.),,U,common,MIR,Mirage,337,,,,
Island,,0.0,Basic Land — Island,({T}: Add {U}.),,U,common,TD0,Magic Online Theme Decks,A147,,,,
Island,,0.0,Basic Land — Island,({T}: Add {U}.),,U,common,DDI,Duel Decks: Venser vs. Koth,42,,,,
Island,,0.0,Basic Land — Island,({T}: Add {U}.),,U,common,SIR,Shadows over Innistrad Remastered,280,,,,
Island,,0.0,Basic Land — Island,({T}: Add {U}.),,U,common,SLD,Secret Lair Drop,554,,,,
Island,,0.0,Basic Land — Island,({T}: Add {U}.),,U,common,VOW,Innistrad: Crimson Vow,409,,,,
Island,,0.0,Basic Land — Island,({T}: Add {U}.),,U,common,TDM,Tarkir: Dragonstorm,279,,,,
Island,,0.0,Basic Land — Island,({T}: Add {U}.),,U,common,MOM,March of the Machine,284,,,,
Island,,0.0,Basic Land — Island,({T}: Add {U}.),,U,common,HBG,Alchemy Horizons: Baldur's Gate,295,,,,
Island,,0.0,Basic Land — Island,({T}: Add {U}.),,U,common,WC97,World Championship Decks 1997,jk435,,,,
Island,,0.0,Basic Land — Island,({T}: Add {U}.),,U,common,ZEN,Zendikar,235,,,,
Island,,0.0,Basic Land — Island,({T}: Add {U}.),,U,common,PRM,Magic Online Promos,40100,,,,
Island,,0.0,Basic Land — Island,({T}: Add {U}.),,U,common,CMA,Commander Anthology,295,,,,
Island,,0.0,Basic Land — Island,({T}: Add {U}.),,U,common,TPR,Tempest Remastered,257,,,,
Island,,0.0,Basic Land — Island,({T}: Add {U}.),,U,common,PLST,The List,JMP-50,,,,
Island,,0.0,Basic Land — Island,({T}: Add {U}.),,U,common,AKH,Amonkhet,259,,,,
Island,,0.0,Basic Land — Island,({T}: Add {U}.),,U,common,WC01,World Championship Decks 2001,ab336,,,,
Island,,0.0,Basic Land — Island,({T}: Add {U}.),,U,common,PSAL,Salvat 2005,H48,,,,
Island,,0.0,Basic Land — Island,({T}: Add {U}.),,U,common,CLB,Commander Legends: Battle for Baldur's Gate,456,,,,
Island,,0.0,Basic Land — Island,({T}: Add {U}.),,U,rare,SLD,Secret Lair Drop,1653,,,,
Island,,0.0,Basic Land — Island,({T}: Add {U}.),,U,common,WC03,World Championship Decks 2003,dz336,,,,
Island,,0.0,Basic Land — Island,({T}: Add {U}.),,U,common,BFZ,Battle for Zendikar,257,,,,
Island,,0.0,Basic Land — Island,({T}: Add {U}.),,U,common,PLST,The List,WOE-269,,,,
Island,,0.0,Basic Land — Island,({T}: Add {U}.),,U,common,WC97,World Championship Decks 1997,pm436,,,,
Island,,0.0,Basic Land — Island,({T}: Add {U}.),,U,common,TMP,Tempest,335,,,,
Island,,0.0,Basic Land — Island,({T}: Add {U}.),,U,common,3ED,Revised Edition,295,,,,
Island,,0.0,Basic Land — Island,({T}: Add {U}.),,U,common,AVR,Avacyn Restored,234,,,,
Island,,0.0,Basic Land — Island,({T}: Add {U}.),,U,common,CMA,Commander Anthology,293,,,,
Island,,0.0,Basic Land — Island,({T}: Add {U}.),,U,common,GK1,GRN Guild Kit,24,,,,
Island,,0.0,Basic Land — Island,({T}: Add {U}.),,U,common,FDN,Foundations,275,,,,
Island,,0.0,Basic Land — Island,({T}: Add {U}.),,U,common,LCI,The Lost Caverns of Ixalan,395,,,,
Island,,0.0,Basic Land — Island,({T}: Add {U}.),,U,common,DDM,Duel Decks: Jace vs. Vraska,38,,,,
Island,,0.0,Basic Land — Island,({T}: Add {U}.),,U,common,DDN,Duel Decks: Speed vs. Cunning,76,,,,
Island,,0.0,Basic Land — Island,({T}: Add {U}.),,U,common,PCA,Planechase Anthology,141,,,,
Island,,0.0,Basic Land — Island,({T}: Add {U}.),,U,common,M21,Core Set 2021,310,,,,
Island,,0.0,Basic Land — Island,({T}: Add {U}.),,U,common,DDT,Duel Decks: Merfolk vs. Goblins,29,,,,
Island,,0.0,Basic Land — Island,({T}: Add {U}.),,U,common,LRW,Lorwyn,287,,,,
Island,,0.0,Basic Land — Island,({T}: Add {U}.),,U,common,PSAL,Salvat 2005,E56,,,,
Island,,0.0,Basic Land — Island,({T}: Add {U}.),,U,common,AVR,Avacyn Restored,233,,,,
Island,,0.0,Basic Land — Island,({T}: Add {U}.),,U,common,JVC,Duel Decks Anthology: Jace vs. Chandra,31,,,,
Island,,0.0,Basic Land — Island,({T}: Add {U}.),,U,common,PSAL,Salvat 2005,E10,,,,
Island,,0.0,Basic Land — Island,({T}: Add {U}.),,U,common,PSAL,Salvat 2005,E9,,,,
Island,,0.0,Basic Land — Island,({T}: Add {U}.),,U,common,DPA,Duels of the Planeswalkers,101,,,,
Island,,0.0,Basic Land — Island,({T}: Add {U}.),,U,common,7ED,Seventh Edition,333★,,,,
Island,,0.0,Basic Land — Island,({T}: Add {U}.),,U,common,WC97,World Championship Decks 1997,pm435,,,,
Island,,0.0,Basic Land — Island,({T}: Add {U}.),,U,common,GN2,Game Night 2019,58,,,,
Island,,0.0,Basic Land — Island,({T}: Add {U}.),,U,common,C15,Commander 2015,330,,,,
Island,,0.0,Basic Land — Island,({T}: Add {U}.),,U,common,DDS,Duel Decks: Mind vs. Might,28,,,,
Island,,0.0,Basic Land — Island,({T}: Add {U}.),,U,common,SOM,Scars of Mirrodin,236,,,,
Island,,0.0,Basic Land — Island,({T}: Add {U}.),,U,rare,PANA,MTG Arena Promos,263,,,,
Island,,0.0,Basic Land — Island,({T}: Add {U}.),,U,common,C18,Commander 2018,296,,,,
Island,,0.0,Basic Land — Island,({T}: Add {U}.),,U,rare,OLEP,Oversized League Prizes,2,,,,
Island,,0.0,Basic Land — Island,({T}: Add {U}.),,U,common,7ED,Seventh Edition,333,,,,
Island,,0.0,Basic Land — Island,({T}: Add {U}.),,U,common,PSAL,Salvat 2005,H47,,,,
Island,,0.0,Basic Land — Island,({T}: Add {U}.),,U,common,SHM,Shadowmoor,289,,,,
Island,,0.0,Basic Land — Island,({T}: Add {U}.),,U,common,CLB,Commander Legends: Battle for Baldur's Gate,457,,,,
Island,,0.0,Basic Land — Island,({T}: Add {U}.),,U,common,GRN,Guilds of Ravnica,261,,,,
Island,,0.0,Basic Land — Island,({T}: Add {U}.),,U,common,AFR,Adventures in the Forgotten Realms,267,,,,
Island,,0.0,Basic Land — Island,({T}: Add {U}.),,U,common,PMPS10,Magic Premiere Shop 2010,2,,,,
Island,,0.0,Basic Land — Island,({T}: Add {U}.),,U,common,BLB,Bloomburrow,269,,,,
Island,,0.0,Basic Land — Island,({T}: Add {U}.),,U,common,WC01,World Championship Decks 2001,ab338,,,,
Island,,0.0,Basic Land — Island,({T}: Add {U}.),,U,rare,PF20,MagicFest 2020,3,,,,
Island,,0.0,Basic Land — Island,({T}: Add {U}.),,U,common,DDT,Duel Decks: Merfolk vs. Goblins,31,,,,
Island,,0.0,Basic Land — Island,({T}: Add {U}.),,U,common,ALA,Shards of Alara,236,,,,
Island,,0.0,Basic Land — Island,({T}: Add {U}.),,U,common,ANA,Arena New Player Experience,9,,,,
Island,,0.0,Basic Land — Island,({T}: Add {U}.),,U,common,WC02,World Championship Decks 2002,rl336a,,,,
Island,,0.0,Basic Land — Island,({T}: Add {U}.),,U,common,M11,Magic 2011,235,,,,
Island,,0.0,Basic Land — Island,({T}: Add {U}.),,U,common,TD0,Magic Online Theme Decks,A145,,,,
Island,,0.0,Basic Land — Island,({T}: Add {U}.),,U,common,WC01,World Championship Decks 2001,ab336a,,,,
Island,,0.0,Basic Land — Island,({T}: Add {U}.),,U,common,ISD,Innistrad,255,,,,
Island,,0.0,Basic Land — Island,({T}: Add {U}.),,U,common,DDM,Duel Decks: Jace vs. Vraska,41,,,,
Island,,0.0,Basic Land — Island,({T}: Add {U}.),,U,common,SNC,Streets of New Capenna,264,,,,
Island,,0.0,Basic Land — Island,({T}: Add {U}.),,U,rare,SLD,Secret Lair Drop,1951,,,,
Island,,0.0,Basic Land — Island,({T}: Add {U}.),,U,common,EOE,Edge of Eternities,270,,,,
Island,,0.0,Basic Land — Island,({T}: Add {U}.),,U,common,INV,Invasion,336,,,,
Island,,0.0,Basic Land — Island,({T}: Add {U}.),,U,common,ALA,Shards of Alara,234,,,,
Island,,0.0,Basic Land — Island,({T}: Add {U}.),,U,common,SLD,Secret Lair Drop,550,,,,
Island,,0.0,Basic Land — Island,({T}: Add {U}.),,U,common,M11,Magic 2011,237,,,,
Island,,0.0,Basic Land — Island,({T}: Add {U}.),,U,rare,SLD,Secret Lair Drop,485,,,,
Island,,0.0,Basic Land — Island,({T}: Add {U}.),,U,common,WC02,World Championship Decks 2002,rl332,,,,
Island,,0.0,Basic Land — Island,({T}: Add {U}.),,U,common,WC02,World Championship Decks 2002,cr332,,,,
Island,,0.0,Basic Land — Island,({T}: Add {U}.),,U,rare,SLD,Secret Lair Drop,392,,,,
Island,,0.0,Basic Land — Island,({T}: Add {U}.),,U,common,LCI,The Lost Caverns of Ixalan,288,,,,
Island,,0.0,Basic Land — Island,({T}: Add {U}.),,U,common,4ED,Fourth Edition,369,,,,
Island,,0.0,Basic Land — Island,({T}: Add {U}.),,U,common,WC97,World Championship Decks 1997,jk434,,,,
Island,,0.0,Basic Land — Island,({T}: Add {U}.),,U,common,C16,Commander 2016,341,,,,
Island,,0.0,Basic Land — Island,({T}: Add {U}.),,U,common,FIN,Final Fantasy,299,,,,
Island,,0.0,Basic Land — Island,({T}: Add {U}.),,U,common,DMU,Dominaria United,266,,,,
Island,,0.0,Basic Land — Island,({T}: Add {U}.),,U,common,CHK,Champions of Kamigawa,294,,,,
Island,,0.0,Basic Land — Island,({T}: Add {U}.),,U,common,POR,Portal,202,,,,
Island,,0.0,Basic Land — Island,({T}: Add {U}.),,U,common,ONS,Onslaught,335,,,,
Island,,0.0,Basic Land — Island,({T}: Add {U}.),,U,common,CLU,Ravnica: Clue Edition,258,,,,
Island,,0.0,Basic Land — Island,({T}: Add {U}.),,U,common,MBS,Mirrodin Besieged,149,,,,
Island,,0.0,Basic Land — Island,({T}: Add {U}.),,U,common,C14,Commander 2014,324,,,,
Island,,0.0,Basic Land — Island,({T}: Add {U}.),,U,common,UNF,Unfinity,487,,,,
Island,,0.0,Basic Land — Island,({T}: Add {U}.),,U,common,C13,Commander 2013,343,,,,
Island,,0.0,Basic Land — Island,({T}: Add {U}.),,U,common,WC01,World Championship Decks 2001,ab335b,,,,
Island,,0.0,Basic Land — Island,({T}: Add {U}.),,U,common,TD2,Duel Decks: Mirrodin Pure vs. New Phyrexia,46,,,,
Island,,0.0,Basic Land — Island,({T}: Add {U}.),,U,common,MBS,Mirrodin Besieged,148,,,,
Island,,0.0,Basic Land — Island,({T}: Add {U}.),,U,common,PANA,MTG Arena Promos,217,,,,
Island,,0.0,Basic Land — Island,({T}: Add {U}.),,U,common,BRB,Battle Royale Box Set,111,,,,
Island,,0.0,Basic Land — Island,({T}: Add {U}.),,U,common,NPH,New Phyrexia,169,,,,
Island,,0.0,Basic Land — Island,({T}: Add {U}.),,U,common,AKR,Amonkhet Remastered,306,,,,
Island,,0.0,Basic Land — Island,({T}: Add {U}.),,U,common,PSAL,Salvat 2005,E46,,,,
Island,,0.0,Basic Land — Island,({T}: Add {U}.),,U,common,C16,Commander 2016,342,,,,
Island,,0.0,Basic Land — Island,({T}: Add {U}.),,U,common,WC02,World Championship Decks 2002,shh338,,,,
Island,,0.0,Basic Land — Island,({T}: Add {U}.),,U,common,4BB,Fourth Edition Foreign Black Border,369,,,,
Island,,0.0,Basic Land — Island,({T}: Add {U}.),,U,common,WHO,Doctor Who,1159,,,,
Island,,0.0,Basic Land — Island,({T}: Add {U}.),,U,common,P02,Portal Second Age,156,,,,
Island,,0.0,Basic Land — Island,({T}: Add {U}.),,U,common,PSAL,Salvat 2005,H35,,,,
Island,,0.0,Basic Land — Island,({T}: Add {U}.),,U,common,PSAL,Salvat 2005,H24,,,,
Island,,0.0,Basic Land — Island,({T}: Add {U}.),,U,common,E01,Archenemy: Nicol Bolas,98,,,,
Island,,0.0,Basic Land — Island,({T}: Add {U}.),,U,rare,PAL03,Arena League 2003,2,,,,
Island,,0.0,Basic Land — Island,({T}: Add {U}.),,U,common,PLST,The List,MKM-279,,,,
Island,,0.0,Basic Land — Island,({T}: Add {U}.),,U,common,TMP,Tempest,336,,,,
Island,,0.0,Basic Land — Island,({T}: Add {U}.),,U,common,CMA,Commander Anthology,296,,,,
Island,,0.0,Basic Land — Island,({T}: Add {U}.),,U,common,40K,"Warhammer 40,000 Commander",308,,,,
Island,,0.0,Basic Land — Island,({T}: Add {U}.),,U,common,BLB,Bloomburrow,268,,,,
Island,,0.0,Basic Land — Island,({T}: Add {U}.),,U,common,XLN,Ixalan,264,,,,
Island,,0.0,Basic Land — Island,({T}: Add {U}.),,U,common,DSK,Duskmourn: House of Horror,273,,,,
Island,,0.0,Basic Land — Island,({T}: Add {U}.),,U,common,WAR,War of the Spark,254,,,,
Island,,0.0,Basic Land — Island,({T}: Add {U}.),,U,common,ELD,Throne of Eldraine,254,,,,
Island,,0.0,Basic Land — Island,({T}: Add {U}.),,U,common,8ED,Eighth Edition,335,,,,
Island,,0.0,Basic Land — Island,({T}: Add {U}.),,U,common,PSAL,Salvat 2005,H10,,,,
Island,,0.0,Basic Land — Island,({T}: Add {U}.),,U,common,SLD,Secret Lair Drop,549,,,,
Island,,0.0,Basic Land — Island,({T}: Add {U}.),,U,common,M19,Core Set 2019,267,,,,
Island,,0.0,Basic Land — Island,({T}: Add {U}.),,U,common,TDM,Tarkir: Dragonstorm,273,,,,
Island,,0.0,Basic Land — Island,({T}: Add {U}.),,U,common,J22,Jumpstart 2022,103,,,,
Island,,0.0,Basic Land — Island,({T}: Add {U}.),,U,common,MH2,Modern Horizons 2,483,,,,
Island,,0.0,Basic Land — Island,({T}: Add {U}.),,U,common,RAV,Ravnica: City of Guilds,293,,,,
Island,,0.0,Basic Land — Island,({T}: Add {U}.),,U,common,CMD,Commander 2011,304,,,,
Island,,0.0,Basic Land — Island,({T}: Add {U}.),,U,common,USG,Urza's Saga,338,,,,
Island,,0.0,Basic Land — Island,({T}: Add {U}.),,U,common,9ED,Ninth Edition,337★,,,,
Island,,0.0,Basic Land — Island,({T}: Add {U}.),,U,common,WC02,World Championship Decks 2002,cr338,,,,
Island,,0.0,Basic Land — Island,({T}: Add {U}.),,U,common,DDF,Duel Decks: Elspeth vs. Tezzeret,79,,,,
Island,,0.0,Basic Land — Island,({T}: Add {U}.),,U,common,ITP,Introductory Two-Player Set,57,,,,
Island,,0.0,Basic Land — Island,({T}: Add {U}.),,U,common,M11,Magic 2011,236,,,,
Island,,0.0,Basic Land — Island,({T}: Add {U}.),,U,common,PS11,Salvat 2011,210,,,,
Island,,0.0,Basic Land — Island,({T}: Add {U}.),,U,common,WC02,World Championship Decks 2002,shh335,,,,
Island,,0.0,Basic Land — Island,({T}: Add {U}.),,U,common,DDF,Duel Decks: Elspeth vs. Tezzeret,77,,,,
Island,,0.0,Basic Land — Island,({T}: Add {U}.),,U,common,FIN,Final Fantasy,573,,,,
Island,,0.0,Basic Land — Island,({T}: Add {U}.),,U,common,PC2,Planechase 2012,138,,,,
Island,,0.0,Basic Land — Island,({T}: Add {U}.),,U,common,BLB,Bloomburrow,371,,,,
Island,,0.0,Basic Land — Island,({T}: Add {U}.),,U,rare,SLD,Secret Lair Drop,1946,,,,
Island,,0.0,Basic Land — Island,({T}: Add {U}.),,U,common,JVC,Duel Decks Anthology: Jace vs. Chandra,32,,,,
Island,,0.0,Basic Land — Island,({T}: Add {U}.),,U,common,CLU,Ravnica: Clue Edition,260,,,,
Island,,0.0,Basic Land — Island,({T}: Add {U}.),,U,common,ISD,Innistrad,254,,,,
Island,,0.0,Basic Land — Island,({T}: Add {U}.),,U,common,WC03,World Championship Decks 2003,dh337,,,,
Island,,0.0,Basic Land — Island,({T}: Add {U}.),,U,common,J22,Jumpstart 2022,102,,,,
Island,,0.0,Basic Land — Island,({T}: Add {U}.),,U,common,WC00,World Championship Decks 2000,tvdl335,,,,
Island,,0.0,Basic Land — Island,({T}: Add {U}.),,U,common,ELD,Throne of Eldraine,257,,,,
Island,,0.0,Basic Land — Island,({T}: Add {U}.),,U,common,WC97,World Championship Decks 1997,jk436,,,,
Island,,0.0,Basic Land — Island,({T}: Add {U}.),,U,rare,PRM,Magic Online Promos,263,,,,
Island,,0.0,Basic Land — Island,({T}: Add {U}.),,U,common,DDN,Duel Decks: Speed vs. Cunning,77,,,,
Island,,0.0,Basic Land — Island,({T}: Add {U}.),,U,common,PLST,The List,AKH-258,,,,
Island,,0.0,Basic Land — Island,({T}: Add {U}.),,U,common,C17,Commander 2017,298,,,,
Island,,0.0,Basic Land — Island,({T}: Add {U}.),,U,common,WC02,World Championship Decks 2002,cr337a,,,,
Island,,0.0,Basic Land — Island,({T}: Add {U}.),,U,common,IKO,Ikoria: Lair of Behemoths,263,,,,
Island,,0.0,Basic Land — Island,({T}: Add {U}.),,U,common,PSAL,Salvat 2005,H11,,,,
Island,,0.0,Basic Land — Island,({T}: Add {U}.),,U,common,PSAL,Salvat 2005,G48,,,,
Island,,0.0,Basic Land — Island,({T}: Add {U}.),,U,rare,SLD,Secret Lair Drop,466,,,,
Island,,0.0,Basic Land — Island,({T}: Add {U}.),,U,common,DD2,Duel Decks: Jace vs. Chandra,32,,,,
Island,,0.0,Basic Land — Island,({T}: Add {U}.),,U,common,ROE,Rise of the Eldrazi,233,,,,
Island,,0.0,Basic Land — Island,({T}: Add {U}.),,U,common,CEI,Intl. Collectors' Edition,293,,,,
Island,,0.0,Basic Land — Island,({T}: Add {U}.),,U,common,PSAL,Salvat 2005,G35,,,,
Island,,0.0,Basic Land — Island,({T}: Add {U}.),,U,common,PRM,Magic Online Promos,58255,,,,
Island,,0.0,Basic Land — Island,({T}: Add {U}.),,U,common,ZEN,Zendikar,237,,,,
Island,,0.0,Basic Land — Island,({T}: Add {U}.),,U,common,C14,Commander 2014,325,,,,
Island,,0.0,Basic Land — Island,({T}: Add {U}.),,U,common,6ED,Classic Sixth Edition,337,,,,
Island,,0.0,Basic Land — Island,({T}: Add {U}.),,U,common,WC01,World Championship Decks 2001,ar337,,,,
Island,,0.0,Basic Land — Island,({T}: Add {U}.),,U,common,30A,30th Anniversary Edition,286,,,,
Island,,0.0,Basic Land — Island,({T}: Add {U}.),,U,common,WC01,World Championship Decks 2001,ar335,,,,
Island,,0.0,Basic Land — Island,({T}: Add {U}.),,U,common,8ED,Eighth Edition,336,,,,
Island,,0.0,Basic Land — Island,({T}: Add {U}.),,U,common,DDQ,Duel Decks: Blessed vs. Cursed,72,,,,
Island,,0.0,Basic Land — Island,({T}: Add {U}.),,U,common,INR,Innistrad Remastered,291,,,,
Island,,0.0,Basic Land — Island,({T}: Add {U}.),,U,common,WC02,World Championship Decks 2002,rl333,,,,
Island,,0.0,Basic Land — Island,({T}: Add {U}.),,U,common,KLR,Kaladesh Remastered,291,,,,
Island,,0.0,Basic Land — Island,({T}: Add {U}.),,U,common,PRM,Magic Online Promos,247,,,,
Island,,0.0,Basic Land — Island,({T}: Add {U}.),,U,common,7ED,Seventh Edition,332★,,,,
Island,,0.0,Basic Land — Island,({T}: Add {U}.),,U,common,THS,Theros,237,,,,
Island,,0.0,Basic Land — Island,({T}: Add {U}.),,U,common,ODY,Odyssey,335,,,,
Island,,0.0,Basic Land — Island,({T}: Add {U}.),,U,common,PSAL,Salvat 2005,H56,,,,
Island,,0.0,Basic Land — Island,({T}: Add {U}.),,U,common,DDM,Duel Decks: Jace vs. Vraska,40,,,,
Island,,0.0,Basic Land — Island,({T}: Add {U}.),,U,common,H09,Premium Deck Series: Slivers,38,,,,
Island,,0.0,Basic Land — Island,({T}: Add {U}.),,U,common,VOW,Innistrad: Crimson Vow,271,,,,
Island,,0.0,Basic Land — Island,({T}: Add {U}.),,U,common,DOM,Dominaria,255,,,,
Island,,0.0,Basic Land — Island,({T}: Add {U}.),,U,common,DDS,Duel Decks: Mind vs. Might,29,,,,
Island,,0.0,Basic Land — Island,({T}: Add {U}.),,U,common,UGL,Unglued,85,,,,
Island,,0.0,Basic Land — Island,({T}: Add {U}.),,U,common,PSAL,Salvat 2005,G60,,,,
Island,,0.0,Basic Land — Island,({T}: Add {U}.),,U,common,M19,Core Set 2019,266,,,,
Island,,0.0,Basic Land — Island,({T}: Add {U}.),,U,common,VOW,Innistrad: Crimson Vow,270,,,,
Island,,0.0,Basic Land — Island,({T}: Add {U}.),,U,common,ZEN,Zendikar,236,,,,
Island,,0.0,Basic Land — Island,({T}: Add {U}.),,U,common,BRB,Battle Royale Box Set,110,,,,
Island,,0.0,Basic Land — Island,({T}: Add {U}.),,U,common,MOM,March of the Machine,285,,,,
Island,,0.0,Basic Land — Island,({T}: Add {U}.),,U,common,PANA,MTG Arena Promos,222,,,,
Island,,0.0,Basic Land — Island,({T}: Add {U}.),,U,common,PLST,The List,LCI-396,,,,
Island,,0.0,Basic Land — Island,({T}: Add {U}.),,U,common,TPR,Tempest Remastered,256,,,,
Island,,0.0,Basic Land — Island,({T}: Add {U}.),,U,common,WC97,World Championship Decks 1997,pm437,,,,
Island,,0.0,Basic Land — Island,({T}: Add {U}.),,U,common,MH3,Modern Horizons 3,499,,,,
Island,,0.0,Basic Land — Island,({T}: Add {U}.),,U,common,PTC,Pro Tour Collector Set,ml369,,,,
Island,,0.0,Basic Land — Island,({T}: Add {U}.),,U,common,GK1,GRN Guild Kit,48,,,,
Island,,0.0,Basic Land — Island,({T}: Add {U}.),,U,common,CEI,Intl. Collectors' Edition,291,,,,
Island,,0.0,Basic Land — Island,({T}: Add {U}.),,U,common,TMT,Teenage Mutant Ninja Turtles,254,,,,
Island,,0.0,Basic Land — Island,({T}: Add {U}.),,U,common,CLU,Ravnica: Clue Edition,261,,,,
Island,,0.0,Basic Land — Island,({T}: Add {U}.),,U,common,CEI,Intl. Collectors' Edition,292,,,,
Island,,0.0,Basic Land — Island,({T}: Add {U}.),,U,common,C16,Commander 2016,340,,,,
Island,,0.0,Basic Land — Island,({T}: Add {U}.),,U,common,LRW,Lorwyn,286,,,,
Island,,0.0,Basic Land — Island,({T}: Add {U}.),,U,common,M12,Magic 2012,237,,,,
Island,,0.0,Basic Land — Island,({T}: Add {U}.),,U,common,ZNR,Zendikar Rising,381,,,,
Island,,0.0,Basic Land — Island,({T}: Add {U}.),,U,common,ANA,Arena New Player Experience,26,,,,
Island,,0.0,Basic Land — Island,({T}: Add {U}.),,U,common,WC01,World Championship Decks 2001,ab333,,,,
Island,,0.0,Basic Land — Island,({T}: Add {U}.),,U,common,PZ2,Treasure Chest,70803,,,,
Island,,0.0,Basic Land — Island,({T}: Add {U}.),,U,common,DFT,Aetherdrift,280,,,,
Island,,0.0,Basic Land — Island,({T}: Add {U}.),,U,common,WC03,World Championship Decks 2003,dh336,,,,
Island,,0.0,Basic Land — Island,({T}: Add {U}.),,U,common,SNC,Streets of New Capenna,275,,,,
Island,,0.0,Basic Land — Island,({T}: Add {U}.),,U,rare,SLD,Secret Lair Drop,2147,,,,
Island,,0.0,Basic Land — Island,({T}: Add {U}.),,U,common,MMQ,Mercadian Masques,335,,,,
Island,,0.0,Basic Land — Island,({T}: Add {U}.),,U,common,ONE,Phyrexia: All Will Be One,263,,,,
Island,,0.0,Basic Land — Island,({T}: Add {U}.),,U,common,JMP,Jumpstart,49,,,,
Island,,0.0,Basic Land — Island,({T}: Add {U}.),,U,common,BFZ,Battle for Zendikar,256,,,,
Island,,0.0,Basic Land — Island,({T}: Add {U}.),,U,common,RQS,Rivals Quick Start Set,56,,,,
Island,,0.0,Basic Land — Island,({T}: Add {U}.),,U,common,AVR,Avacyn Restored,235,,,,
Island,,0.0,Basic Land — Island,({T}: Add {U}.),,U,common,8ED,Eighth Edition,335★,,,,
Island,,0.0,Basic Land — Island,({T}: Add {U}.),,U,common,CHK,Champions of Kamigawa,293,,,,
Island,,0.0,Basic Land — Island,({T}: Add {U}.),,U,common,CMD,Commander 2011,305,,,,
Island,,0.0,Basic Land — Island,({T}: Add {U}.),,U,common,DDI,Duel Decks: Venser vs. Koth,41,,,,
Island,,0.0,Basic Land — Island,({T}: Add {U}.),,U,common,PRM,Magic Online Promos,81848,,,,
Island,,0.0,Basic Land — Island,({T}: Add {U}.),,U,rare,PSS4,MKM Standard Showdown,2,,,,
Island,,0.0,Basic Land — Island,({T}: Add {U}.),,U,common,ARC,Archenemy,141,,,,
Island,,0.0,Basic Land — Island,({T}: Add {U}.),,U,common,BRB,Battle Royale Box Set,113,,,,
Island,,0.0,Basic Land — Island,({T}: Add {U}.),,U,common,8ED,Eighth Edition,338★,,,,
Island,,0.0,Basic Land — Island,({T}: Add {U}.),,U,common,TMP,Tempest,338,,,,
Island,,0.0,Basic Land — Island,({T}: Add {U}.),,U,common,WC04,World Championship Decks 2004,gn337,,,,
Island,,0.0,Basic Land — Island,({T}: Add {U}.),,U,common,WC02,World Championship Decks 2002,cr335b,,,,
Island,,0.0,Basic Land — Island,({T}: Add {U}.),,U,common,ME3,Masters Edition III,221,,,,
Island,,0.0,Basic Land — Island,({T}: Add {U}.),,U,common,PCA,Planechase Anthology,139,,,,
Island,,0.0,Basic Land — Island,({T}: Add {U}.),,U,common,PRM,Magic Online Promos,249,,,,
Island,,0.0,Basic Land — Island,({T}: Add {U}.),,U,common,MID,Innistrad: Midnight Hunt,381,,,,
Island,,0.0,Basic Land — Island,({T}: Add {U}.),,U,common,NPH,New Phyrexia,168,,,,
Island,,0.0,Basic Land — Island,({T}: Add {U}.),,U,common,ICE,Ice Age,369,,,,
Island,,0.0,Basic Land — Island,({T}: Add {U}.),,U,common,GN3,Game Night: Free-for-All,125,,,,
Island,,0.0,Basic Land — Island,({T}: Add {U}.),,U,common,GNT,Game Night,62,,,,
Island,,0.0,Basic Land — Island,({T}: Add {U}.),,U,common,WOE,Wilds of Eldraine,269,,,,
Island,,0.0,Basic Land — Island,({T}: Add {U}.),,U,common,PELP,European Land Program,12,,,,
Island,,0.0,Basic Land — Island,({T}: Add {U}.),,U,common,S99,Starter 1999,161,,,,
Island,,0.0,Basic Land — Island,({T}: Add {U}.),,U,common,PIP,Fallout,847,,,,
Island,,0.0,Basic Land — Island,({T}: Add {U}.),,U,common,PSAL,Salvat 2005,G36,,,,
Island,,0.0,Basic Land — Island,({T}: Add {U}.),,U,common,DDT,Duel Decks: Merfolk vs. Goblins,28,,,,
Island,,0.0,Basic Land — Island,({T}: Add {U}.),,U,common,WC02,World Championship Decks 2002,rl336b,,,,
Island,,0.0,Basic Land — Island,({T}: Add {U}.),,U,rare,J14,Judge Gift Cards 2014,2★,,,,
Island,,0.0,Basic Land — Island,({T}: Add {U}.),,U,common,MH3,Modern Horizons 3,312,,,,
Island,,0.0,Basic Land — Island,({T}: Add {U}.),,U,common,DMU,Dominaria United,267,,,,
Island,,0.0,Basic Land — Island,({T}: Add {U}.),,U,common,6ED,Classic Sixth Edition,338,,,,
Island,,0.0,Basic Land — Island,({T}: Add {U}.),,U,common,C17,Commander 2017,299,,,,
Island,,0.0,Basic Land — Island,({T}: Add {U}.),,U,common,WC98,World Championship Decks 1998,rb337,,,,
Island,,0.0,Basic Land — Island,({T}: Add {U}.),,U,common,ANA,Arena New Player Experience,24,,,,
Island,,0.0,Basic Land — Island,({T}: Add {U}.),,U,common,LTR,The Lord of the Rings: Tales of Middle-earth,265,,,,
Island,,0.0,Basic Land — Island,({T}: Add {U}.),,U,common,2ED,Unlimited Edition,291,,,,
Island,,0.0,Basic Land — Island,({T}: Add {U}.),,U,common,C18,Commander 2018,298,,,,
Island,,0.0,Basic Land — Island,({T}: Add {U}.),,U,common,ZEN,Zendikar,236a,,,,
Island,,0.0,Basic Land — Island,({T}: Add {U}.),,U,rare,PANA,MTG Arena Promos,237,,,,
Island,,0.0,Basic Land — Island,({T}: Add {U}.),,U,common,ACR,Assassin's Creed,303,,,,
Island,,0.0,Basic Land — Island,({T}: Add {U}.),,U,common,MKM,Murders at Karlov Manor,279,,,,
Island,,0.0,Basic Land — Island,({T}: Add {U}.),,U,common,DDJ,Duel Decks: Izzet vs. Golgari,40,,,,
Island,,0.0,Basic Land — Island,({T}: Add {U}.),,U,common,BFZ,Battle for Zendikar,258,,,,
Island,,0.0,Basic Land — Island,({T}: Add {U}.),,U,common,PRM,Magic Online Promos,81854,,,,
Island,,0.0,Basic Land — Island,({T}: Add {U}.),,U,common,JMP,Jumpstart,48,,,,
Island,,0.0,Basic Land — Island,({T}: Add {U}.),,U,common,PRM,Magic Online Promos,73634,,,,
Island,,0.0,Basic Land — Island,({T}: Add {U}.),,U,common,WC02,World Championship Decks 2002,rl337a,,,,
Island,,0.0,Basic Land — Island,({T}: Add {U}.),,U,common,PANA,MTG Arena Promos,232,,,,
Island,,0.0,Basic Land — Island,({T}: Add {U}.),,U,common,DDQ,Duel Decks: Blessed vs. Cursed,37,,,,
Island,,0.0,Basic Land — Island,({T}: Add {U}.),,U,common,PS11,Salvat 2011,211,,,,
Island,,0.0,Basic Land — Island,({T}: Add {U}.),,U,common,SOI,Shadows over Innistrad,287,,,,
Island,,0.0,Basic Land — Island,({T}: Add {U}.),,U,rare,SLD,Secret Lair Drop,360,,,,
Island,,0.0,Basic Land — Island,({T}: Add {U}.),,U,common,ME1,Masters Edition,186,,,,
Island,,0.0,Basic Land — Island,({T}: Add {U}.),,U,common,PLST,The List,JMP-47,,,,
Island,,0.0,Basic Land — Island,({T}: Add {U}.),,U,common,4ED,Fourth Edition,368,,,,
Island,,0.0,Basic Land — Island,({T}: Add {U}.),,U,common,40K,"Warhammer 40,000 Commander",308★,,,,
Island,,0.0,Basic Land — Island,({T}: Add {U}.),,U,common,30A,30th Anniversary Edition,583,,,,
Island,,0.0,Basic Land — Island,({T}: Add {U}.),,U,common,ONS,Onslaught,336,,,,
Island,,0.0,Basic Land — Island,({T}: Add {U}.),,U,common,FDN,Foundations,285,,,,
Island,,0.0,Basic Land — Island,({T}: Add {U}.),,U,common,5ED,Fifth Edition,435,,,,
Island,,0.0,Basic Land — Island,({T}: Add {U}.),,U,common,WAR,War of the Spark,253,,,,
Island,,0.0,Basic Land — Island,({T}: Add {U}.),,U,common,WC01,World Championship Decks 2001,ab334,,,,
Island,,0.0,Basic Land — Island,({T}: Add {U}.),,U,common,PRM,Magic Online Promos,31979,,,,
Island,,0.0,Basic Land — Island,({T}: Add {U}.),,U,common,WC01,World Championship Decks 2001,ar338,,,,
Island,,0.0,Basic Land — Island,({T}: Add {U}.),,U,common,DDH,Duel Decks: Ajani vs. Nicol Bolas,79,,,,
Island,,0.0,Basic Land — Island,({T}: Add {U}.),,U,common,TD0,Magic Online Theme Decks,A146,,,,
Island,,0.0,Basic Land — Island,({T}: Add {U}.),,U,common,BFZ,Battle for Zendikar,259,,,,
Island,,0.0,Basic Land — Island,({T}: Add {U}.),,U,common,2ED,Unlimited Edition,293,,,,
Island,,0.0,Basic Land — Island,({T}: Add {U}.),,U,common,NEO,Kamigawa: Neon Dynasty,296,,,,
Island,,0.0,Basic Land — Island,({T}: Add {U}.),,U,common,CED,Collectors' Edition,292,,,,
Island,,0.0,Basic Land — Island,({T}: Add {U}.),,U,common,PANA,MTG Arena Promos,249,,,,
Island,,0.0,Basic Land — Island,({T}: Add {U}.),,U,common,PANA,MTG Arena Promos,248,,,,
Island,,0.0,Basic Land — Island,({T}: Add {U}.),,U,common,PMPS,Magic Premiere Shop 2005,293,,,,
Island,,0.0,Basic Land — Island,({T}: Add {U}.),,U,rare,SLD,Secret Lair Drop,1479,,,,
Island,,0.0,Basic Land — Island,({T}: Add {U}.),,U,common,CM2,Commander Anthology Volume II,289,,,,
Island,,0.0,Basic Land — Island,({T}: Add {U}.),,U,common,PCA,Planechase Anthology,137,,,,
Island,,0.0,Basic Land — Island,({T}: Add {U}.),,U,common,PMPS07,Magic Premiere Shop 2007,2,,,,
Island,,0.0,Basic Land — Island,({T}: Add {U}.),,U,common,CMM,Commander Masters,441,,,,
Island,,0.0,Basic Land — Island,({T}: Add {U}.),,U,common,PTK,Portal Three Kingdoms,169,,,,
Island,,0.0,Basic Land — Island,({T}: Add {U}.),,U,common,EOE,Edge of Eternities,263,,,,
Island,,0.0,Basic Land — Island,({T}: Add {U}.),,U,common,JVC,Duel Decks Anthology: Jace vs. Chandra,30,,,,
Island,,0.0,Basic Land — Island,({T}: Add {U}.),,U,common,WC02,World Championship Decks 2002,rl334,,,,
Island,,0.0,Basic Land — Island,({T}: Add {U}.),,U,common,JMP,Jumpstart,47,,,,
Island,,0.0,Basic Land — Island,({T}: Add {U}.),,U,common,XANA,Arena New Player Experience Extras,52,,,,
Island,,0.0,Basic Land — Island,({T}: Add {U}.),,U,common,ELD,Throne of Eldraine,256,,,,
Island,,0.0,Basic Land — Island,({T}: Add {U}.),,U,common,MIR,Mirage,336,,,,
Island,,0.0,Basic Land — Island,({T}: Add {U}.),,U,common,PTC,Pro Tour Collector Set,shr367,,,,
Island,,0.0,Basic Land — Island,({T}: Add {U}.),,U,common,ZNR,Zendikar Rising,269,,,,
Island,,0.0,Basic Land — Island,({T}: Add {U}.),,U,common,PSAL,Salvat 2005,H45,,,,
Island,,0.0,Basic Land — Island,({T}: Add {U}.),,U,common,RTR,Return to Ravnica,258,,,,
Island,,0.0,Basic Land — Island,({T}: Add {U}.),,U,common,DTK,Dragons of Tarkir,254,,,,
Island,,0.0,Basic Land — Island,({T}: Add {U}.),,U,common,ORI,Magic Origins,259,,,,
Island,,0.0,Basic Land — Island,({T}: Add {U}.),,U,common,M14,Magic 2014,236,,,,
Island,,0.0,Basic Land — Island,({T}: Add {U}.),,U,common,RTR,Return to Ravnica,255,,,,
Island,,0.0,Basic Land — Island,({T}: Add {U}.),,U,common,4BB,Fourth Edition Foreign Black Border,368,,,,
Island,,0.0,Basic Land — Island,({T}: Add {U}.),,U,common,M10,Magic 2010,235,,,,
Island,,0.0,Basic Land — Island,({T}: Add {U}.),,U,common,TPR,Tempest Remastered,255,,,,
Island,,0.0,Basic Land — Island,({T}: Add {U}.),,U,rare,PGRU,Guru,2,,,,
Island,,0.0,Basic Land — Island,({T}: Add {U}.),,U,common,DFT,Aetherdrift,282,,,,
Island,,0.0,Basic Land — Island,({T}: Add {U}.),,U,common,ANB,Arena Beginner Set,113,,,,
Island,,0.0,Basic Land — Island,({T}: Add {U}.),,U,common,WC03,World Championship Decks 2003,dz337,,,,
Island,,0.0,Basic Land — Island,({T}: Add {U}.),,U,common,LTR,The Lord of the Rings: Tales of Middle-earth,716,,,,
Island,,0.0,Basic Land — Island,({T}: Add {U}.),,U,rare,PAL99,Arena League 1999,3,,,,
Island,,0.0,Basic Land — Island,({T}: Add {U}.),,U,common,40K,"Warhammer 40,000 Commander",309★,,,,
Island,,0.0,Basic Land — Island,({T}: Add {U}.),,U,common,M10,Magic 2010,236,,,,
Island,,0.0,Basic Land — Island,({T}: Add {U}.),,U,common,PTC,Pro Tour Collector Set,shr368,,,,
Island,,0.0,Basic Land — Island,({T}: Add {U}.),,U,common,E01,Archenemy: Nicol Bolas,103,,,,
Island,,0.0,Basic Land — Island,({T}: Add {U}.),,U,common,DD2,Duel Decks: Jace vs. Chandra,31,,,,
Island,,0.0,Basic Land — Island,({T}: Add {U}.),,U,common,CST,Coldsnap Theme Decks,374,,,,
Island,,0.0,Basic Land — Island,({T}: Add {U}.),,U,common,TPR,Tempest Remastered,254,,,,
Island,,0.0,Basic Land — Island,({T}: Add {U}.),,U,common,ALA,Shards of Alara,235,,,,
Island,,0.0,Basic Land — Island,({T}: Add {U}.),,U,common,AKR,Amonkhet Remastered,307,,,,
Island,,0.0,Basic Land — Island,({T}: Add {U}.),,U,rare,SLD,Secret Lair Drop,1191,,,,
Island,,0.0,Basic Land — Island,({T}: Add {U}.),,U,common,ARC,Archenemy,139,,,,
Island,,0.0,Basic Land — Island,({T}: Add {U}.),,U,common,GS1,Global Series Jiang Yanggu & Mu Yanling,21,,,,
Island,,0.0,Basic Land — Island,({T}: Add {U}.),,U,common,M11,Magic 2011,234,,,,
Island,,0.0,Basic Land — Island,({T}: Add {U}.),,U,rare,SLD,Secret Lair Drop,2077,,,,
Island,,0.0,Basic Land — Island,({T}: Add {U}.),,U,common,GN3,Game Night: Free-for-All,126,,,,
Island,,0.0,Basic Land — Island,({T}: Add {U}.),,U,common,EOE,Edge of Eternities,368,,,,
Island,,0.0,Basic Land — Island,({T}: Add {U}.),,U,common,M12,Magic 2012,235,,,,
Island,,0.0,Basic Land — Island,({T}: Add {U}.),,U,common,SNC,Streets of New Capenna,274,,,,
Island,,0.0,Basic Land — Island,({T}: Add {U}.),,U,common,PSAL,Salvat 2005,H9,,,,
Island,,0.0,Basic Land — Island,({T}: Add {U}.),,U,common,ICE,Ice Age,370,,,,
Island,,0.0,Basic Land — Island,({T}: Add {U}.),,U,rare,G17,2017 Gift Pack,2,,,,
Island,,0.0,Basic Land — Island,({T}: Add {U}.),,U,common,DDE,Duel Decks: Phyrexia vs. the Coalition,68,,,,
Island,,0.0,Basic Land — Island,({T}: Add {U}.),,U,common,TMT,Teenage Mutant Ninja Turtles,316,,,,
Island,,0.0,Basic Land — Island,({T}: Add {U}.),,U,rare,SLD,Secret Lair Drop,1469,,,,
Island,,0.0,Basic Land — Island,({T}: Add {U}.),,U,common,PSAL,Salvat 2005,H21,,,,
Island,,0.0,Basic Land — Island,({T}: Add {U}.),,U,common,BFZ,Battle for Zendikar,255,,,,
